nom,lien
alternative economiques,www.alternatives-economiques.fr
basta,https://basta.media/
blast,https://www.blast-info.fr/
le bondy blog,https://www.bondyblog.fr/
disclose,https://disclose.ngo/fr/
lâ€™age de faire,https://lagedefaire-lejournal.fr/
revue la deferlante,https://revueladeferlante.fr/
la releve et la peste,https://lareleveetlapeste.fr/
le media tv,www.lemediatv.fr/
les surligneurs,www.lessurligneurs.eu/
mediapart,www.mediapart.fr/
natura science,www.natura-sciences.com/
osons causer,www.osonscauser.com/
streetpress,www.streetpress.com/
Revue 21,https://revue21.fr/
politis,www.politis.fr/
,
FranceSoir,FranceSoir.fr
franais.rt,Francais.rt.com
tv libertes,https://tvl.fr/
le courrier du soir,https://lecourrier-du-soir.com/
alnas,www.alnas.fr/
les moutons rebelles,https://lesmoutonsrebelles.com/
breizh info,Breizh-info.com
planetes360,https://planetes360.fr
le libre penseur,LeLibrePenseur.org
medias presse info,www.medias-presse.info/
reseau international,https://reseauinternational.net/
